{
    "x": 0,
    "y": -29,
    "enabled": true,
    "scale": 1.0,
    "textOpacity": 1.0,
    "backgroundOpacity": 0.5,
    "unfocusedHeight": 0.5,
    "lineSpacing": 0.0,
    "maxMessages": 1000,
    "maxCommandSuggestions": 15,
    "chatTimestampMode": "HR_12_SECOND",
    "selectChatLinePriority": 100,
    "compactMessagesEnabled": true,
    "scrollbarEnabled": true,
    "scrollbarColor": -8354165,
    "scrollbarWidth": 6,
    "chatTabs": [
        {
            "pattern": "(?s).*",
            "formatted": false,
            "name": "All",
            "autoPrefix": "",
            "priority": 0,
            "alwaysAdd": true,
            "skipOthers": false
        }
    ],
    "selectedTab": 0,
    "scrollCycleTabEnabled": true,
    "arrowCycleTabEnabled": true,
    "filterHighlightEnabled": true,
    "filterHighlightLinePriority": 150,
    "filterHighlightPatterns": [
    ],
    "hoverHighlightEnabled": true,
    "hoverHighlightLinePriority": 0,
    "hoverHighlightMode": "BRIGHTER",
    "hoverHighlightColor": 419430400,
    "bookmarkEnabled": true,
    "bookmarkLinePriority": 30,
    "bookmarkColor": -925260989,
    "bookmarkKey": {
        "key": "key.keyboard.b",
        "modifier": 2
    },
    "bookmarkTextBarElementEnabled": true,
    "bookmarkTextBarElementKey": {
        "key": "key.keyboard.b",
        "modifier": 2
    },
    "autoBookMarkPatterns": [
    ],
    "findMessageEnabled": true,
    "findMessageLinePriority": 250,
    "findMessageHighlightInputBox": false,
    "findMessageTextBarElementEnabled": true,
    "findMessageKey": {
        "key": "key.keyboard.f",
        "modifier": 2
    },
    "copyMessageKey": {
        "key": "key.keyboard.c",
        "modifier": 2
    },
    "copyMessageLinePriority": 50,
    "copyNoFormatting": true,
    "screenshotChatEnabled": true,
    "screenshotChatLinePriority": 200,
    "screenshotChatLine": {
        "key": "key.keyboard.s",
        "modifier": 2
    },
    "screenshotChatAutoUpload": true,
    "playerHeadChatDisplayEnabled": true,
    "playerHeadChatDisplayShowOnWrapped": false,
    "playerHeadChatDisplayOffsetNonHeadMessages": false,
    "playerHeadChatDisplayOffsetNonHeadMessagesShowOnWrapped": true,
    "keyNoScroll": "key.keyboard.left.control",
    "keyFineScroll": "key.keyboard.left.shift",
    "keyLargeScroll": "key.keyboard.left.alt",
    "keyMoveChat": "key.keyboard.right.control",
    "keyPeekChat": "key.keyboard.p",
    "translatorEnabled": true,
    "translatorRegexes": [
    ],
    "translateTo": "Auto Detect",
    "translateSelf": "Auto Detect",
    "translateSpeak": "English",
    "translateKeepOnAfterChatClose": true,
    "translateKey": {
        "key": "key.keyboard.t",
        "modifier": 2
    },
    "translateToggleKey": {
        "key": "key.keyboard.t",
        "modifier": 2
    },
    "translateClickEnabled": true,
    "speechToTextEnabled": true,
    "speechToTextToInputBox": true,
    "speechToTextMicrophoneKey": "key.keyboard.b",
    "speechToTextQuickSendKey": "key.keyboard.enter",
    "speechToTextTranslateEnabled": false,
    "speechToTextTranslateToInputBox": true,
    "speechToTextTranslateLang": "English",
    "width": 180,
    "height": 226,
    "messageAlignment": "LEFT",
    "chatTabsEnabled": true,
    "speechToTextSampleRate": 48000,
    "speechToTextMicrophone": "Default",
    "speechToTextSelectedAudioModel": ""
}