{
  "framedblocks": {
    "framed_item_frame": true
  },
  "minecraft": {
    "item_storage.show_name_amount": 5,
    "furnace": true,
    "harvest_tool.show_unbreakable": false,
    "animal_owner": true,
    "harvest_tool.effective_tool": true,
    "item_storage.normal_amount": 9,
    "item_storage": true,
    "harvest_tool": true,
    "armor_stand": true,
    "fluid_storage.detailed": false,
    "energy_storage": true,
    "entity_armor.max_for_render": 40,
    "breaking_progress": true,
    "tnt_stability": true,
    "item_storage.items_per_line": 9,
    "item_frame": true,
    "crop_progress": true,
    "command_block": true,
    "mob_growth": true,
    "harvest_tool.new_line": false,
    "entity_health.max_for_render": 40,
    "entity_health.show_fractions": false,
    "mob_spawner": true,
    "redstone": true,
    "fluid_storage": true,
    "chicken_egg": true,
    "jukebox": true,
    "brewing_stand": true,
    "energy_storage.detailed": false,
    "note_block": true,
    "beehive": true,
    "item_storage.detailed_amount": 54,
    "player_head": true,
    "block_states": false,
    "lectern": true,
    "entity_armor": true,
    "harvest_tool.creative": false,
    "horse_stats": true,
    "item_tooltip": true,
    "entity_health": true,
    "enchantment_power": true,
    "zombie_villager": true,
    "villager_profession": true,
    "mob_breeding": true,
    "entity_health.icons_per_line": 10,
    "total_enchantment_power": true,
    "potion_effects": true,
    "painting": true,
    "chiseled_bookshelf": true
  },
  "tombstone": {
    "graves": true
  },
  "immersiveengineering": {
    "multiblock_icon": true
  },
  "extrastorage": {
    "crafter": true,
    "advanced_crafter": true
  },
  "jade": {
    "coordinates.rel": false,
    "distance": false,
    "block_face": false,
    "coordinates": false,
    "registry_name": "OFF",
    "mod_name": true
  },
  "apotheosis": {
    "adventure": true,
    "ench": true,
    "spawner": true
  },
  "refinedcooking": {
    "kitchen_access_point": true,
    "kitchen_station": true
  },
  "productivebees": {
    "solitary_nest": true,
    "jar": true,
    "canvas_beehive": true,
    "bee_attributes": true,
    "productive_bee": true
  },
  "ars_nouveau": {
    "mob_jar": true
  },
  "pipez": {
    "pipe": true
  },
  "twilightforest": {
    "quest_ram_wool": true
  },
  "reliquary": {
    "pedestal": true,
    "altar": true,
    "mortar": true,
    "cauldron": true
  },
  "waystones": {
    "waystone": true
  },
  "cookingforblockheads": {
    "fridge": true,
    "oven": true,
    "sink": true,
    "milk_jar": true,
    "toaster": true
  },
  "mysticalagriculture": {
    "infused_farmland": true,
    "crop": true,
    "inferium_crop": true
  },
  "storagedrawers": {
    "display.stacklimit": true,
    "display.content": true,
    "display.status": true
  }
}