{
  "apotheosis:adventure": null,
  "apotheosis:ench": null,
  "apotheosis:spawner": null,
  "ars_nouveau:mob_jar": null,
  "cookingforblockheads:fridge": null,
  "cookingforblockheads:milk_jar": null,
  "cookingforblockheads:oven": null,
  "cookingforblockheads:sink": null,
  "cookingforblockheads:toaster": null,
  "extrastorage:advanced_crafter": null,
  "extrastorage:crafter": null,
  "framedblocks:framed_item_frame": null,
  "immersiveengineering:multiblock_icon": null,
  "jade:block_face": null,
  "jade:distance": null,
  "jade:mod_name": null,
  "jade:object_name": null,
  "jade:registry_name": null,
  "minecraft:animal_owner": null,
  "minecraft:armor_stand": null,
  "minecraft:beehive": null,
  "minecraft:block_display": null,
  "minecraft:block_states": null,
  "minecraft:brewing_stand": null,
  "minecraft:campfire": null,
  "minecraft:chicken_egg": null,
  "minecraft:chiseled_bookshelf": null,
  "minecraft:command_block": null,
  "minecraft:crop_progress": null,
  "minecraft:enchantment_power": null,
  "minecraft:energy_storage": null,
  "minecraft:entity_armor": null,
  "minecraft:entity_health": null,
  "minecraft:falling_block": null,
  "minecraft:fluid_storage": null,
  "minecraft:furnace": null,
  "minecraft:harvest_tool": null,
  "minecraft:horse_stats": null,
  "minecraft:item_ber": null,
  "minecraft:item_display": null,
  "minecraft:item_frame": null,
  "minecraft:item_storage": null,
  "minecraft:item_tooltip": null,
  "minecraft:jukebox": null,
  "minecraft:lectern": null,
  "minecraft:mob_breeding": null,
  "minecraft:mob_growth": null,
  "minecraft:mob_spawner": null,
  "minecraft:note_block": null,
  "minecraft:painting": null,
  "minecraft:player_head": null,
  "minecraft:potion_effects": null,
  "minecraft:progress": null,
  "minecraft:redstone": null,
  "minecraft:tnt_stability": null,
  "minecraft:total_enchantment_power": null,
  "minecraft:villager_profession": null,
  "minecraft:zombie_villager": null,
  "mysticalagriculture:crop": null,
  "mysticalagriculture:inferium_crop": null,
  "mysticalagriculture:infused_farmland": null,
  "pipez:pipe": null,
  "productivebees:canvas_beehive": null,
  "productivebees:jar": null,
  "productivebees:productive_bee": null,
  "productivebees:solitary_nest": null,
  "refinedcooking:kitchen_access_point": null,
  "refinedcooking:kitchen_station": null,
  "reliquary:altar": null,
  "reliquary:cauldron": null,
  "reliquary:mortar": null,
  "reliquary:pedestal": null,
  "tombstone:graves": null,
  "twilightforest:quest_ram_wool": null,
  "waystones:waystone": null
}